-- phpMyAdmin SQL Dump
-- version 5.0.1
-- https://www.phpmyadmin.net/
--
-- Host: 127.0.0.1
-- Generation Time: Dec 18, 2020 at 06:05 PM
-- Server version: 10.4.11-MariaDB
-- PHP Version: 7.2.28

SET SQL_MODE = "NO_AUTO_VALUE_ON_ZERO";
SET AUTOCOMMIT = 0;
START TRANSACTION;
SET time_zone = "+00:00";


/*!40101 SET @OLD_CHARACTER_SET_CLIENT=@@CHARACTER_SET_CLIENT */;
/*!40101 SET @OLD_CHARACTER_SET_RESULTS=@@CHARACTER_SET_RESULTS */;
/*!40101 SET @OLD_COLLATION_CONNECTION=@@COLLATION_CONNECTION */;
/*!40101 SET NAMES utf8mb4 */;

--
-- Database: `social_network`
--

-- --------------------------------------------------------

--
-- Table structure for table `comments`
--

CREATE TABLE `comments` (
  `id` int(11) NOT NULL,
  `post_id` int(11) NOT NULL,
  `user_id` int(11) NOT NULL,
  `comment` varchar(200) NOT NULL,
  `date_added` datetime NOT NULL
) ENGINE=InnoDB DEFAULT CHARSET=utf8mb4;

--
-- Dumping data for table `comments`
--

INSERT INTO `comments` (`id`, `post_id`, `user_id`, `comment`, `date_added`) VALUES
(1, 3, 2, 'great!', '2020-12-18 00:00:00'),
(2, 3, 2, 'enjoy!!', '2020-12-18 00:00:00'),
(3, 3, 2, 'Awesome!', '2020-12-18 00:00:00'),
(4, 2, 2, 'what do you mean?', '2020-12-18 00:00:00'),
(5, 7, 8, 'Im doing Great..', '2020-12-18 00:00:00'),
(6, 7, 8, 'Hello Dude..', '2020-12-18 00:00:00'),
(7, 12, 9, 'im foing great..', '2020-12-18 00:00:00'),
(8, 12, 6, 'Awesome..', '2020-12-18 00:00:00'),
(9, 14, 9, 'john commenting..', '2020-12-18 00:00:00'),
(10, 13, 6, 'matt commented...', '2020-12-18 00:00:00');

-- --------------------------------------------------------

--
-- Table structure for table `countries`
--

CREATE TABLE `countries` (
  `num_code` int(3) NOT NULL DEFAULT 0,
  `alpha_2_code` varchar(2) DEFAULT NULL,
  `alpha_3_code` varchar(3) DEFAULT NULL,
  `en_short_name` varchar(52) DEFAULT NULL,
  `nationality` varchar(39) DEFAULT NULL
) ENGINE=InnoDB DEFAULT CHARSET=utf8;

--
-- Dumping data for table `countries`
--

INSERT INTO `countries` (`num_code`, `alpha_2_code`, `alpha_3_code`, `en_short_name`, `nationality`) VALUES
(4, 'AF', 'AFG', 'Afghanistan', 'Afghan'),
(8, 'AL', 'ALB', 'Albania', 'Albanian'),
(10, 'AQ', 'ATA', 'Antarctica', 'Antarctic'),
(12, 'DZ', 'DZA', 'Algeria', 'Algerian'),
(16, 'AS', 'ASM', 'American Samoa', 'American Samoan'),
(20, 'AD', 'AND', 'Andorra', 'Andorran'),
(24, 'AO', 'AGO', 'Angola', 'Angolan'),
(28, 'AG', 'ATG', 'Antigua and Barbuda', 'Antiguan or Barbudan'),
(31, 'AZ', 'AZE', 'Azerbaijan', 'Azerbaijani, Azeri'),
(32, 'AR', 'ARG', 'Argentina', 'Argentine'),
(36, 'AU', 'AUS', 'Australia', 'Australian'),
(40, 'AT', 'AUT', 'Austria', 'Austrian'),
(44, 'BS', 'BHS', 'Bahamas', 'Bahamian'),
(48, 'BH', 'BHR', 'Bahrain', 'Bahraini'),
(50, 'BD', 'BGD', 'Bangladesh', 'Bangladeshi'),
(51, 'AM', 'ARM', 'Armenia', 'Armenian'),
(52, 'BB', 'BRB', 'Barbados', 'Barbadian'),
(56, 'BE', 'BEL', 'Belgium', 'Belgian'),
(60, 'BM', 'BMU', 'Bermuda', 'Bermudian, Bermudan'),
(64, 'BT', 'BTN', 'Bhutan', 'Bhutanese'),
(68, 'BO', 'BOL', 'Bolivia (Plurinational State of)', 'Bolivian'),
(70, 'BA', 'BIH', 'Bosnia and Herzegovina', 'Bosnian or Herzegovinian'),
(72, 'BW', 'BWA', 'Botswana', 'Motswana, Botswanan'),
(74, 'BV', 'BVT', 'Bouvet Island', 'Bouvet Island'),
(76, 'BR', 'BRA', 'Brazil', 'Brazilian'),
(84, 'BZ', 'BLZ', 'Belize', 'Belizean'),
(86, 'IO', 'IOT', 'British Indian Ocean Territory', 'BIOT'),
(90, 'SB', 'SLB', 'Solomon Islands', 'Solomon Island'),
(92, 'VG', 'VGB', 'Virgin Islands (British)', 'British Virgin Island'),
(96, 'BN', 'BRN', 'Brunei Darussalam', 'Bruneian'),
(100, 'BG', 'BGR', 'Bulgaria', 'Bulgarian'),
(104, 'MM', 'MMR', 'Myanmar', 'Burmese'),
(108, 'BI', 'BDI', 'Burundi', 'Burundian'),
(112, 'BY', 'BLR', 'Belarus', 'Belarusian'),
(116, 'KH', 'KHM', 'Cambodia', 'Cambodian'),
(120, 'CM', 'CMR', 'Cameroon', 'Cameroonian'),
(124, 'CA', 'CAN', 'Canada', 'Canadian'),
(132, 'CV', 'CPV', 'Cabo Verde', 'Cabo Verdean'),
(136, 'KY', 'CYM', 'Cayman Islands', 'Caymanian'),
(140, 'CF', 'CAF', 'Central African Republic', 'Central African'),
(144, 'LK', 'LKA', 'Sri Lanka', 'Sri Lankan'),
(148, 'TD', 'TCD', 'Chad', 'Chadian'),
(152, 'CL', 'CHL', 'Chile', 'Chilean'),
(156, 'CN', 'CHN', 'China', 'Chinese'),
(158, 'TW', 'TWN', 'Taiwan, Province of China', 'Chinese, Taiwanese'),
(162, 'CX', 'CXR', 'Christmas Island', 'Christmas Island'),
(166, 'CC', 'CCK', 'Cocos (Keeling) Islands', 'Cocos Island'),
(170, 'CO', 'COL', 'Colombia', 'Colombian'),
(174, 'KM', 'COM', 'Comoros', 'Comoran, Comorian'),
(175, 'YT', 'MYT', 'Mayotte', 'Mahoran'),
(178, 'CG', 'COG', 'Congo (Republic of the)', 'Congolese'),
(180, 'CD', 'COD', 'Congo (Democratic Republic of the)', 'Congolese'),
(184, 'CK', 'COK', 'Cook Islands', 'Cook Island'),
(188, 'CR', 'CRI', 'Costa Rica', 'Costa Rican'),
(191, 'HR', 'HRV', 'Croatia', 'Croatian'),
(192, 'CU', 'CUB', 'Cuba', 'Cuban'),
(196, 'CY', 'CYP', 'Cyprus', 'Cypriot'),
(203, 'CZ', 'CZE', 'Czech Republic', 'Czech'),
(204, 'BJ', 'BEN', 'Benin', 'Beninese, Beninois'),
(208, 'DK', 'DNK', 'Denmark', 'Danish'),
(212, 'DM', 'DMA', 'Dominica', 'Dominican'),
(214, 'DO', 'DOM', 'Dominican Republic', 'Dominican'),
(218, 'EC', 'ECU', 'Ecuador', 'Ecuadorian'),
(222, 'SV', 'SLV', 'El Salvador', 'Salvadoran'),
(226, 'GQ', 'GNQ', 'Equatorial Guinea', 'Equatorial Guinean, Equatoguinean'),
(231, 'ET', 'ETH', 'Ethiopia', 'Ethiopian'),
(232, 'ER', 'ERI', 'Eritrea', 'Eritrean'),
(233, 'EE', 'EST', 'Estonia', 'Estonian'),
(234, 'FO', 'FRO', 'Faroe Islands', 'Faroese'),
(238, 'FK', 'FLK', 'Falkland Islands (Malvinas)', 'Falkland Island'),
(239, 'GS', 'SGS', 'South Georgia and the South Sandwich Islands', 'South Georgia or South Sandwich Islands'),
(242, 'FJ', 'FJI', 'Fiji', 'Fijian'),
(246, 'FI', 'FIN', 'Finland', 'Finnish'),
(248, 'AX', 'ALA', 'Åland Islands', 'Åland Island'),
(250, 'FR', 'FRA', 'France', 'French'),
(254, 'GF', 'GUF', 'French Guiana', 'French Guianese'),
(258, 'PF', 'PYF', 'French Polynesia', 'French Polynesian'),
(260, 'TF', 'ATF', 'French Southern Territories', 'French Southern Territories'),
(262, 'DJ', 'DJI', 'Djibouti', 'Djiboutian'),
(266, 'GA', 'GAB', 'Gabon', 'Gabonese'),
(268, 'GE', 'GEO', 'Georgia', 'Georgian'),
(270, 'GM', 'GMB', 'Gambia', 'Gambian'),
(275, 'PS', 'PSE', 'Palestine, State of', 'Palestinian'),
(276, 'DE', 'DEU', 'Germany', 'German'),
(288, 'GH', 'GHA', 'Ghana', 'Ghanaian'),
(292, 'GI', 'GIB', 'Gibraltar', 'Gibraltar'),
(296, 'KI', 'KIR', 'Kiribati', 'I-Kiribati'),
(300, 'GR', 'GRC', 'Greece', 'Greek, Hellenic'),
(304, 'GL', 'GRL', 'Greenland', 'Greenlandic'),
(308, 'GD', 'GRD', 'Grenada', 'Grenadian'),
(312, 'GP', 'GLP', 'Guadeloupe', 'Guadeloupe'),
(316, 'GU', 'GUM', 'Guam', 'Guamanian, Guambat'),
(320, 'GT', 'GTM', 'Guatemala', 'Guatemalan'),
(324, 'GN', 'GIN', 'Guinea', 'Guinean'),
(328, 'GY', 'GUY', 'Guyana', 'Guyanese'),
(332, 'HT', 'HTI', 'Haiti', 'Haitian'),
(334, 'HM', 'HMD', 'Heard Island and McDonald Islands', 'Heard Island or McDonald Islands'),
(336, 'VA', 'VAT', 'Vatican City State', 'Vatican'),
(340, 'HN', 'HND', 'Honduras', 'Honduran'),
(344, 'HK', 'HKG', 'Hong Kong', 'Hong Kong, Hong Kongese'),
(348, 'HU', 'HUN', 'Hungary', 'Hungarian, Magyar'),
(352, 'IS', 'ISL', 'Iceland', 'Icelandic'),
(356, 'IN', 'IND', 'India', 'Indian'),
(360, 'ID', 'IDN', 'Indonesia', 'Indonesian'),
(364, 'IR', 'IRN', 'Iran', 'Iranian, Persian'),
(368, 'IQ', 'IRQ', 'Iraq', 'Iraqi'),
(372, 'IE', 'IRL', 'Ireland', 'Irish'),
(376, 'IL', 'ISR', 'Israel', 'Israeli'),
(380, 'IT', 'ITA', 'Italy', 'Italian'),
(384, 'CI', 'CIV', 'Côte d\'Ivoire', 'Ivorian'),
(388, 'JM', 'JAM', 'Jamaica', 'Jamaican'),
(392, 'JP', 'JPN', 'Japan', 'Japanese'),
(398, 'KZ', 'KAZ', 'Kazakhstan', 'Kazakhstani, Kazakh'),
(400, 'JO', 'JOR', 'Jordan', 'Jordanian'),
(404, 'KE', 'KEN', 'Kenya', 'Kenyan'),
(408, 'KP', 'PRK', 'Korea (Democratic People\'s Republic of)', 'North Korean'),
(410, 'KR', 'KOR', 'Korea (Republic of)', 'South Korean'),
(414, 'KW', 'KWT', 'Kuwait', 'Kuwaiti'),
(417, 'KG', 'KGZ', 'Kyrgyzstan', 'Kyrgyzstani, Kyrgyz, Kirgiz, Kirghiz'),
(418, 'LA', 'LAO', 'Lao People\'s Democratic Republic', 'Lao, Laotian'),
(422, 'LB', 'LBN', 'Lebanon', 'Lebanese'),
(426, 'LS', 'LSO', 'Lesotho', 'Basotho'),
(428, 'LV', 'LVA', 'Latvia', 'Latvian'),
(430, 'LR', 'LBR', 'Liberia', 'Liberian'),
(434, 'LY', 'LBY', 'Libya', 'Libyan'),
(438, 'LI', 'LIE', 'Liechtenstein', 'Liechtenstein'),
(440, 'LT', 'LTU', 'Lithuania', 'Lithuanian'),
(442, 'LU', 'LUX', 'Luxembourg', 'Luxembourg, Luxembourgish'),
(446, 'MO', 'MAC', 'Macao', 'Macanese, Chinese'),
(450, 'MG', 'MDG', 'Madagascar', 'Malagasy'),
(454, 'MW', 'MWI', 'Malawi', 'Malawian'),
(458, 'MY', 'MYS', 'Malaysia', 'Malaysian'),
(462, 'MV', 'MDV', 'Maldives', 'Maldivian'),
(466, 'ML', 'MLI', 'Mali', 'Malian, Malinese'),
(470, 'MT', 'MLT', 'Malta', 'Maltese'),
(474, 'MQ', 'MTQ', 'Martinique', 'Martiniquais, Martinican'),
(478, 'MR', 'MRT', 'Mauritania', 'Mauritanian'),
(480, 'MU', 'MUS', 'Mauritius', 'Mauritian'),
(484, 'MX', 'MEX', 'Mexico', 'Mexican'),
(492, 'MC', 'MCO', 'Monaco', 'Monégasque, Monacan'),
(496, 'MN', 'MNG', 'Mongolia', 'Mongolian'),
(498, 'MD', 'MDA', 'Moldova (Republic of)', 'Moldovan'),
(499, 'ME', 'MNE', 'Montenegro', 'Montenegrin'),
(500, 'MS', 'MSR', 'Montserrat', 'Montserratian'),
(504, 'MA', 'MAR', 'Morocco', 'Moroccan'),
(508, 'MZ', 'MOZ', 'Mozambique', 'Mozambican'),
(512, 'OM', 'OMN', 'Oman', 'Omani'),
(516, 'NA', 'NAM', 'Namibia', 'Namibian'),
(520, 'NR', 'NRU', 'Nauru', 'Nauruan'),
(524, 'NP', 'NPL', 'Nepal', 'Nepali, Nepalese'),
(528, 'NL', 'NLD', 'Netherlands', 'Dutch, Netherlandic'),
(531, 'CW', 'CUW', 'Curaçao', 'Curaçaoan'),
(533, 'AW', 'ABW', 'Aruba', 'Aruban'),
(534, 'SX', 'SXM', 'Sint Maarten (Dutch part)', 'Sint Maarten'),
(535, 'BQ', 'BES', 'Bonaire, Sint Eustatius and Saba', 'Bonaire'),
(540, 'NC', 'NCL', 'New Caledonia', 'New Caledonian'),
(548, 'VU', 'VUT', 'Vanuatu', 'Ni-Vanuatu, Vanuatuan'),
(554, 'NZ', 'NZL', 'New Zealand', 'New Zealand, NZ'),
(558, 'NI', 'NIC', 'Nicaragua', 'Nicaraguan'),
(562, 'NE', 'NER', 'Niger', 'Nigerien'),
(566, 'NG', 'NGA', 'Nigeria', 'Nigerian'),
(570, 'NU', 'NIU', 'Niue', 'Niuean'),
(574, 'NF', 'NFK', 'Norfolk Island', 'Norfolk Island'),
(578, 'NO', 'NOR', 'Norway', 'Norwegian'),
(580, 'MP', 'MNP', 'Northern Mariana Islands', 'Northern Marianan'),
(581, 'UM', 'UMI', 'United States Minor Outlying Islands', 'American'),
(583, 'FM', 'FSM', 'Micronesia (Federated States of)', 'Micronesian'),
(584, 'MH', 'MHL', 'Marshall Islands', 'Marshallese'),
(585, 'PW', 'PLW', 'Palau', 'Palauan'),
(586, 'PK', 'PAK', 'Pakistan', 'Pakistani'),
(591, 'PA', 'PAN', 'Panama', 'Panamanian'),
(598, 'PG', 'PNG', 'Papua New Guinea', 'Papua New Guinean, Papuan'),
(600, 'PY', 'PRY', 'Paraguay', 'Paraguayan'),
(604, 'PE', 'PER', 'Peru', 'Peruvian'),
(608, 'PH', 'PHL', 'Philippines', 'Philippine, Filipino'),
(612, 'PN', 'PCN', 'Pitcairn', 'Pitcairn Island'),
(616, 'PL', 'POL', 'Poland', 'Polish'),
(620, 'PT', 'PRT', 'Portugal', 'Portuguese'),
(624, 'GW', 'GNB', 'Guinea-Bissau', 'Bissau-Guinean'),
(626, 'TL', 'TLS', 'Timor-Leste', 'Timorese'),
(630, 'PR', 'PRI', 'Puerto Rico', 'Puerto Rican'),
(634, 'QA', 'QAT', 'Qatar', 'Qatari'),
(638, 'RE', 'REU', 'Réunion', 'Réunionese, Réunionnais'),
(642, 'RO', 'ROU', 'Romania', 'Romanian'),
(643, 'RU', 'RUS', 'Russian Federation', 'Russian'),
(646, 'RW', 'RWA', 'Rwanda', 'Rwandan'),
(652, 'BL', 'BLM', 'Saint Barthélemy', 'Barthélemois'),
(654, 'SH', 'SHN', 'Saint Helena, Ascension and Tristan da Cunha', 'Saint Helenian'),
(659, 'KN', 'KNA', 'Saint Kitts and Nevis', 'Kittitian or Nevisian'),
(660, 'AI', 'AIA', 'Anguilla', 'Anguillan'),
(662, 'LC', 'LCA', 'Saint Lucia', 'Saint Lucian'),
(663, 'MF', 'MAF', 'Saint Martin (French part)', 'Saint-Martinoise'),
(666, 'PM', 'SPM', 'Saint Pierre and Miquelon', 'Saint-Pierrais or Miquelonnais'),
(670, 'VC', 'VCT', 'Saint Vincent and the Grenadines', 'Saint Vincentian, Vincentian'),
(674, 'SM', 'SMR', 'San Marino', 'Sammarinese'),
(678, 'ST', 'STP', 'Sao Tome and Principe', 'São Toméan'),
(682, 'SA', 'SAU', 'Saudi Arabia', 'Saudi, Saudi Arabian'),
(686, 'SN', 'SEN', 'Senegal', 'Senegalese'),
(688, 'RS', 'SRB', 'Serbia', 'Serbian'),
(690, 'SC', 'SYC', 'Seychelles', 'Seychellois'),
(694, 'SL', 'SLE', 'Sierra Leone', 'Sierra Leonean'),
(702, 'SG', 'SGP', 'Singapore', 'Singaporean'),
(703, 'SK', 'SVK', 'Slovakia', 'Slovak'),
(704, 'VN', 'VNM', 'Vietnam', 'Vietnamese'),
(705, 'SI', 'SVN', 'Slovenia', 'Slovenian, Slovene'),
(706, 'SO', 'SOM', 'Somalia', 'Somali, Somalian'),
(710, 'ZA', 'ZAF', 'South Africa', 'South African'),
(716, 'ZW', 'ZWE', 'Zimbabwe', 'Zimbabwean'),
(724, 'ES', 'ESP', 'Spain', 'Spanish'),
(728, 'SS', 'SSD', 'South Sudan', 'South Sudanese'),
(729, 'SD', 'SDN', 'Sudan', 'Sudanese'),
(732, 'EH', 'ESH', 'Western Sahara', 'Sahrawi, Sahrawian, Sahraouian'),
(740, 'SR', 'SUR', 'Suriname', 'Surinamese'),
(744, 'SJ', 'SJM', 'Svalbard and Jan Mayen', 'Svalbard'),
(748, 'SZ', 'SWZ', 'Swaziland', 'Swazi'),
(752, 'SE', 'SWE', 'Sweden', 'Swedish'),
(756, 'CH', 'CHE', 'Switzerland', 'Swiss'),
(760, 'SY', 'SYR', 'Syrian Arab Republic', 'Syrian'),
(762, 'TJ', 'TJK', 'Tajikistan', 'Tajikistani'),
(764, 'TH', 'THA', 'Thailand', 'Thai'),
(768, 'TG', 'TGO', 'Togo', 'Togolese'),
(772, 'TK', 'TKL', 'Tokelau', 'Tokelauan'),
(776, 'TO', 'TON', 'Tonga', 'Tongan'),
(780, 'TT', 'TTO', 'Trinidad and Tobago', 'Trinidadian or Tobagonian'),
(784, 'AE', 'ARE', 'United Arab Emirates', 'Emirati, Emirian, Emiri'),
(788, 'TN', 'TUN', 'Tunisia', 'Tunisian'),
(792, 'TR', 'TUR', 'Turkey', 'Turkish'),
(795, 'TM', 'TKM', 'Turkmenistan', 'Turkmen'),
(796, 'TC', 'TCA', 'Turks and Caicos Islands', 'Turks and Caicos Island'),
(798, 'TV', 'TUV', 'Tuvalu', 'Tuvaluan'),
(800, 'UG', 'UGA', 'Uganda', 'Ugandan'),
(804, 'UA', 'UKR', 'Ukraine', 'Ukrainian'),
(807, 'MK', 'MKD', 'Macedonia (the former Yugoslav Republic of)', 'Macedonian'),
(818, 'EG', 'EGY', 'Egypt', 'Egyptian'),
(826, 'GB', 'GBR', 'United Kingdom of Great Britain and Northern Ireland', 'British, UK'),
(831, 'GG', 'GGY', 'Guernsey', 'Channel Island'),
(832, 'JE', 'JEY', 'Jersey', 'Channel Island'),
(833, 'IM', 'IMN', 'Isle of Man', 'Manx'),
(834, 'TZ', 'TZA', 'Tanzania, United Republic of', 'Tanzanian'),
(840, 'US', 'USA', 'United States of America', 'American'),
(850, 'VI', 'VIR', 'Virgin Islands (U.S.)', 'U.S. Virgin Island'),
(854, 'BF', 'BFA', 'Burkina Faso', 'Burkinabé'),
(858, 'UY', 'URY', 'Uruguay', 'Uruguayan'),
(860, 'UZ', 'UZB', 'Uzbekistan', 'Uzbekistani, Uzbek'),
(862, 'VE', 'VEN', 'Venezuela (Bolivarian Republic of)', 'Venezuelan'),
(876, 'WF', 'WLF', 'Wallis and Futuna', 'Wallis and Futuna, Wallisian or Futunan'),
(882, 'WS', 'WSM', 'Samoa', 'Samoan'),
(887, 'YE', 'YEM', 'Yemen', 'Yemeni'),
(894, 'ZM', 'ZMB', 'Zambia', 'Zambian');

-- --------------------------------------------------------

--
-- Table structure for table `friends`
--

CREATE TABLE `friends` (
  `id` int(11) NOT NULL,
  `user1` int(11) NOT NULL,
  `user2` int(11) NOT NULL,
  `date_added` datetime NOT NULL
) ENGINE=InnoDB DEFAULT CHARSET=utf8mb4;

--
-- Dumping data for table `friends`
--

INSERT INTO `friends` (`id`, `user1`, `user2`, `date_added`) VALUES
(7, 9, 8, '2020-12-17 00:00:00'),
(8, 6, 8, '2020-12-17 00:00:00'),
(9, 2, 8, '2020-12-17 00:00:00'),
(10, 7, 8, '2020-12-17 00:00:00');

-- --------------------------------------------------------

--
-- Table structure for table `notifications`
--

CREATE TABLE `notifications` (
  `id` int(11) NOT NULL,
  `noti_From` int(11) NOT NULL,
  `noti_To` int(11) NOT NULL,
  `message` text NOT NULL,
  `is_read` enum('0','1') NOT NULL,
  `date_added` datetime NOT NULL
) ENGINE=InnoDB DEFAULT CHARSET=utf8mb4;

--
-- Dumping data for table `notifications`
--

INSERT INTO `notifications` (`id`, `noti_From`, `noti_To`, `message`, `is_read`, `date_added`) VALUES
(44, 9, 8, 'john Sent You Request \r\n        <button class=\"btn btn-primary btnAccept\" data-type=\"1\" data-reqSendingFrom=\"9\">Accept</button> \r\n        <button class=\"btn btn-success btnReject\" data-type=\"2\" data-reqSendingFrom=\"9\">Reject</button>', '0', '2020-12-17 00:00:00'),
(45, 6, 8, 'matthew Sent You Request \r\n        <button class=\"btn btn-primary btnAccept\" data-type=\"1\" data-reqSendingFrom=\"6\">Accept</button> \r\n        <button class=\"btn btn-success btnReject\" data-type=\"2\" data-reqSendingFrom=\"6\">Reject</button>', '0', '2020-12-17 00:00:00'),
(46, 2, 8, 'paul Sent You Request \r\n        <button class=\"btn btn-primary btnAccept\" data-type=\"1\" data-reqSendingFrom=\"2\">Accept</button> \r\n        <button class=\"btn btn-success btnReject\" data-type=\"2\" data-reqSendingFrom=\"2\">Reject</button>', '0', '2020-12-17 00:00:00'),
(47, 2, 8, 'paul Sent You Request \r\n        <button class=\"btn btn-primary btnAccept\" data-type=\"1\" data-reqSendingFrom=\"2\">Accept</button> \r\n        <button class=\"btn btn-success btnReject\" data-type=\"2\" data-reqSendingFrom=\"2\">Reject</button>', '0', '2020-12-17 00:00:00'),
(48, 7, 8, 'vishal Sent You Request \r\n        <button class=\"btn btn-primary btnAccept\" data-type=\"1\" data-reqSendingFrom=\"7\">Accept</button> \r\n        <button class=\"btn btn-success btnReject\" data-type=\"2\" data-reqSendingFrom=\"7\">Reject</button>', '0', '2020-12-17 00:00:00'),
(49, 8, 2, 'david Sent You Request \r\n        <button class=\"btn btn-primary btnAccept\" data-type=\"1\" data-reqSendingFrom=\"8\">Accept</button> \r\n        <button class=\"btn btn-success btnReject\" data-type=\"2\" data-reqSendingFrom=\"8\">Reject</button>', '0', '2020-12-18 00:00:00');

-- --------------------------------------------------------

--
-- Table structure for table `posts`
--

CREATE TABLE `posts` (
  `id` int(11) NOT NULL,
  `userid` int(11) NOT NULL,
  `post_to` int(11) NOT NULL,
  `post_status` varchar(200) NOT NULL,
  `date_added` datetime NOT NULL
) ENGINE=InnoDB DEFAULT CHARSET=utf8mb4;

--
-- Dumping data for table `posts`
--

INSERT INTO `posts` (`id`, `userid`, `post_to`, `post_status`, `date_added`) VALUES
(1, 2, 0, 'Hello.. im in mumbai', '2020-12-18 00:00:00'),
(2, 2, 0, 'So Long,,,', '2020-12-18 00:00:00'),
(3, 2, 0, 'Happy New Year Guys..', '2020-12-18 00:00:00'),
(4, 6, 0, 'Hello..', '2020-12-18 00:00:00'),
(5, 2, 0, 'Hello, how your doing..', '2020-12-18 00:00:00'),
(6, 2, 8, 'Hope your doing great..', '2020-12-18 00:00:00'),
(7, 2, 8, 'Hello David, Im Paul..', '2020-12-18 00:00:00'),
(8, 8, 2, 'Hello Paul, Im David.. Hope your Doing Good..', '2020-12-18 00:00:00'),
(9, 6, 6, 'im in Delhi.. Enjoying', '2020-12-18 00:00:00'),
(10, 9, 9, 'im in Mumbai, Enoying..', '2020-12-18 00:00:00'),
(11, 6, 9, 'Hello John, im matt..', '2020-12-18 00:00:00'),
(12, 9, 6, 'Im John. Hows life..', '2020-12-18 00:00:00'),
(13, 9, 9, 'Im adding status..', '2020-12-18 00:00:00'),
(14, 6, 6, 'Im adding status..', '2020-12-18 00:00:00'),
(15, 9, 6, 'john posts on Matt..', '2020-12-18 00:00:00'),
(16, 6, 9, 'Matt posts on John..', '2020-12-18 00:00:00');

-- --------------------------------------------------------

--
-- Table structure for table `profile`
--

CREATE TABLE `profile` (
  `id` int(11) NOT NULL,
  `user_id` int(11) NOT NULL,
  `about` varchar(200) NOT NULL,
  `gender` varchar(200) NOT NULL,
  `dob` date NOT NULL,
  `education1` varchar(200) NOT NULL,
  `education2` varchar(200) NOT NULL,
  `education3` varchar(200) NOT NULL,
  `country` int(11) NOT NULL,
  `profile_pic` varchar(200) NOT NULL,
  `date_added` datetime NOT NULL
) ENGINE=InnoDB DEFAULT CHARSET=utf8mb4;

--
-- Dumping data for table `profile`
--

INSERT INTO `profile` (`id`, `user_id`, `about`, `gender`, `dob`, `education1`, `education2`, `education3`, `country`, `profile_pic`, `date_added`) VALUES
(1, 11, 'hello, im vishal', 'm', '2021-01-01', 'BSC IT', 'HSC, with IT', 'SSC', 4, '94782012151006551.jpeg', '0000-00-00 00:00:00'),
(5, 10, 'Im UiMonk', 'm', '2020-12-25', 'BSC IT', 'HSC', 'SSC', 4, '82132012151007502.jpg', '2020-12-15 00:00:00'),
(6, 9, 'Im an Indian Actor', 'm', '2021-01-01', 'BSC IT', 'HSC', 'SSC', 56, '5601201217085322unnamed.jpg', '2020-12-17 00:00:00'),
(7, 8, 'Im an Athelete', 'm', '2020-12-05', 'BSC IT', 'HSC', 'SSC', 4, '6196201217085441david.jpg', '2020-12-17 00:00:00'),
(8, 7, 'Im an South Indian Actor', 'm', '2020-12-26', 'BSC IT', 'HSC', 'SSC', 4, '2730201217085608vishal.jpeg', '2020-12-17 00:00:00'),
(9, 6, 'Im an American Actor', 'm', '2021-01-02', 'BSC IT', 'HSC', 'SSC', 4, '7188201217085720matt.jpg', '2020-12-17 00:00:00'),
(10, 2, 'Im Dom, American Actor & Producer ', 'm', '2020-12-05', 'BSC IT', 'HSC', 'SSC', 4, '1290201217085850Dom.jpg', '2020-12-17 00:00:00');

-- --------------------------------------------------------

--
-- Table structure for table `register`
--

CREATE TABLE `register` (
  `id` int(200) NOT NULL,
  `name` varchar(200) NOT NULL,
  `email` varchar(200) NOT NULL,
  `password` varchar(200) NOT NULL,
  `date_added` datetime NOT NULL,
  `token` varchar(200) NOT NULL,
  `activated` enum('0','1') NOT NULL DEFAULT '0'
) ENGINE=InnoDB DEFAULT CHARSET=utf8mb4;

--
-- Dumping data for table `register`
--

INSERT INTO `register` (`id`, `name`, `email`, `password`, `date_added`, `token`, `activated`) VALUES
(2, 'paul', 'paul@gmail.com', 'paul@gmail.com', '2020-12-14 00:00:00', '', '1'),
(6, 'matthew', 'matthew@gmail.com', 'matthew@gmail.com', '2020-12-14 00:00:00', '', '1'),
(7, 'vishal', 'vishal@gmail.com', 'vishal@gmail.com', '2020-12-14 00:00:00', '339dd4e57d88f03da468cbc56a54ec44', '1'),
(8, 'david', 'david@gmail.com', 'david@gmail.com', '2020-12-14 00:00:00', '172522ec1028ab781d9dfd17eaca4427', '1'),
(9, 'john', 'john@gmail.com', 'john@gmail.com', '2020-12-14 00:00:00', '527bd5b5d689e2c32ae974c6229ff785', '1'),
(10, 'uimonk', 'uimonk@gmail.com', 'uimonk@gmail.com', '2020-12-14 00:00:00', '0d56fe3e7c40640cfa681f753b2b6fdb', '1'),
(11, 'Vishal Varghese', 'uimonk1@gmail.com', 'uimonk1@gmail.com', '2020-12-14 00:00:00', 'f01aec47605fe0d5cb2c432d05cae153', '1');

-- --------------------------------------------------------

--
-- Table structure for table `requests`
--

CREATE TABLE `requests` (
  `id` int(11) NOT NULL,
  `sendingfrom` int(11) NOT NULL,
  `sendingto` int(11) NOT NULL,
  `accepted` enum('0','1','2') NOT NULL,
  `dateAdded` datetime NOT NULL
) ENGINE=InnoDB DEFAULT CHARSET=utf8mb4;

--
-- Dumping data for table `requests`
--

INSERT INTO `requests` (`id`, `sendingfrom`, `sendingto`, `accepted`, `dateAdded`) VALUES
(78, 9, 8, '1', '2020-12-17 00:00:00'),
(79, 6, 8, '1', '2020-12-17 00:00:00'),
(80, 2, 8, '1', '2020-12-17 00:00:00'),
(81, 2, 8, '1', '2020-12-17 00:00:00'),
(82, 7, 8, '1', '2020-12-17 00:00:00'),
(83, 8, 2, '0', '2020-12-18 00:00:00');

--
-- Indexes for dumped tables
--

--
-- Indexes for table `comments`
--
ALTER TABLE `comments`
  ADD PRIMARY KEY (`id`);

--
-- Indexes for table `countries`
--
ALTER TABLE `countries`
  ADD PRIMARY KEY (`num_code`),
  ADD UNIQUE KEY `alpha_2_code` (`alpha_2_code`),
  ADD UNIQUE KEY `alpha_3_code` (`alpha_3_code`);

--
-- Indexes for table `friends`
--
ALTER TABLE `friends`
  ADD PRIMARY KEY (`id`);

--
-- Indexes for table `notifications`
--
ALTER TABLE `notifications`
  ADD PRIMARY KEY (`id`);

--
-- Indexes for table `posts`
--
ALTER TABLE `posts`
  ADD PRIMARY KEY (`id`);

--
-- Indexes for table `profile`
--
ALTER TABLE `profile`
  ADD PRIMARY KEY (`id`);

--
-- Indexes for table `register`
--
ALTER TABLE `register`
  ADD PRIMARY KEY (`id`);

--
-- Indexes for table `requests`
--
ALTER TABLE `requests`
  ADD PRIMARY KEY (`id`);

--
-- AUTO_INCREMENT for dumped tables
--

--
-- AUTO_INCREMENT for table `comments`
--
ALTER TABLE `comments`
  MODIFY `id` int(11) NOT NULL AUTO_INCREMENT, AUTO_INCREMENT=11;

--
-- AUTO_INCREMENT for table `friends`
--
ALTER TABLE `friends`
  MODIFY `id` int(11) NOT NULL AUTO_INCREMENT, AUTO_INCREMENT=11;

--
-- AUTO_INCREMENT for table `notifications`
--
ALTER TABLE `notifications`
  MODIFY `id` int(11) NOT NULL AUTO_INCREMENT, AUTO_INCREMENT=50;

--
-- AUTO_INCREMENT for table `posts`
--
ALTER TABLE `posts`
  MODIFY `id` int(11) NOT NULL AUTO_INCREMENT, AUTO_INCREMENT=17;

--
-- AUTO_INCREMENT for table `profile`
--
ALTER TABLE `profile`
  MODIFY `id` int(11) NOT NULL AUTO_INCREMENT, AUTO_INCREMENT=11;

--
-- AUTO_INCREMENT for table `register`
--
ALTER TABLE `register`
  MODIFY `id` int(200) NOT NULL AUTO_INCREMENT, AUTO_INCREMENT=12;

--
-- AUTO_INCREMENT for table `requests`
--
ALTER TABLE `requests`
  MODIFY `id` int(11) NOT NULL AUTO_INCREMENT, AUTO_INCREMENT=84;
COMMIT;

/*!40101 SET CHARACTER_SET_CLIENT=@OLD_CHARACTER_SET_CLIENT */;
/*!40101 SET CHARACTER_SET_RESULTS=@OLD_CHARACTER_SET_RESULTS */;
/*!40101 SET COLLATION_CONNECTION=@OLD_COLLATION_CONNECTION */;
